NumeroContrato,ValorFace_internal,ValorAquisicao_internal,NumCessions,FundAlias,DataReferencia,CodCnpj,NomeFundo,CnpjSacado,NomeSacado,TipoProduto,TaxaCessao,ValorAquisicao_fund,ValorPresente,ValorFace_fund,DataAquisicao,DataVencimento,RatingContrato,DiasAtraso,ValorDesembolso,Bandeira,Banco,Agencia,Conta,Prazo,PrazoAtual,Reverse
0000342a-5160-4acc-825e-8b6d46c251e4,243.94,233.79,1,pi,2025-05-30,60356171000180,CLOUDWALK PI FUNDO DE INVESTIMENTO EM DIREITOS CRE,360305000104,CAIXA ECONOMICA FEDERAL,CSC de arranjo de pagamento banco emissor confirmado,0.16281243199981,233.79,235.7574127679,243.94,2025-05-12,2025-08-20,AA,0,233.79,Visa,1,208,8630592,71,57,0.0
00034edb-5e9e-4f88-92bc-1751a7e7c457,1275.55,1142.68,4,pi,2025-05-30,60356171000180,CLOUDWALK PI FUNDO DE INVESTIMENTO EM DIREITOS CRE,16581207000137,DM INSTITUICAO DE PAGAMENTO S.A.,CSC de arranjo de pagamento banco emissor confirmado,0.161647557488289,1142.68,1157.7258304292,1275.55,2025-04-29,2026-01-20,AA,0,1142.68,Mastercard,1,208,8630592,185,163,0.0
00054058-c773-4aca-af90-daa5d49dde97,306.71,301.17,1,pi,2025-05-30,60356171000180,CLOUDWALK PI FUNDO DE INVESTIMENTO EM DIREITOS CRE,1181521000155,BANCO COOPERATIVO SICREDI S.A.,CSC de arranjo de pagamento banco emissor confirmado,0.159714974611671,301.17,305.2706410558,306.71,2025-04-28,2025-06-11,AA,0,301.17,Visa,1,208,8630592,31,8,0.0
0005a5f4-b441-4b82-a2c9-6dfddd330ec8,18276.570000000003,16757.54,5,pi,2025-05-30,60356171000180,CLOUDWALK PI FUNDO DE INVESTIMENTO EM DIREITOS CRE,59588111000103,BANCO VOTORANTIM S.A.,CSC de arranjo de pagamento banco emissor confirmado,0.161567247025972,16757.54,16988.1799594419,18276.57,2025-04-28,2025-11-21,AA,0,16757.54,Mastercard,1,208,8630592,146,123,0.0
000bfd6f-f74b-4694-be72-33359cabda3c,67.65,61.94,1,pi,2025-05-30,60356171000180,CLOUDWALK PI FUNDO DE INVESTIMENTO EM DIREITOS CRE,360305000104,CAIXA ECONOMICA FEDERAL,CSC de arranjo de pagamento banco emissor confirmado,0.163191752323258,61.94,62.4623754187,67.65,2025-05-12,2025-12-05,AA,0,61.94,Elo,1,208,8630592,147,133,0.0
000d6159-a828-4d98-8421-d827b74689b4,531.37,481.29,1,pi,2025-05-30,60356171000180,CLOUDWALK PI FUNDO DE INVESTIMENTO EM DIREITOS CRE,17351180000159,BANCO TRIANGULO S/A,CSC de arranjo de pagamento banco emissor confirmado,0.163208988982121,481.29,485.0583044728,531.37,2025-05-13,2026-01-05,AA,0,481.29,Visa,1,208,8630592,164,152,0.0
000ef165-fd01-4a73-a2d9-0508a49d0565,150655.13999999996,141714.92000000007,36,pi,2025-05-30,60356171000180,CLOUDWALK PI FUNDO DE INVESTIMENTO EM DIREITOS CRE,31872495000172,BANCO C6 S.A.,CSC de arranjo de pagamento banco emissor confirmado,0.16145461447066,141714.92,143664.1211417087,150655.14,2025-04-28,2025-09-22,AA,0,141714.92,Mastercard,1,208,8630592,103,80,0.0
0011eafe-fdb3-446a-9fff-bb43704773c7,210.16,200.32999999999998,3,pi,2025-05-30,60356171000180,CLOUDWALK PI FUNDO DE INVESTIMENTO EM DIREITOS CRE,6881898000130,FINANCEIRA ITAU CBD S.A. - CREDITO FINANCIAMENTO,CSC de arranjo de pagamento banco emissor confirmado,0.160710115907274,200.33,203.193663029,210.16,2025-04-25,2025-08-20,AA,0,200.33,Visa,1,208,8630592,81,57,0.0
00131ffb-a4aa-47e7-a3a3-cc95daca1842,1374775.5099999998,1359429.9300000002,61,pi,2025-05-30,60356171000180,CLOUDWALK PI FUNDO DE INVESTIMENTO EM DIREITOS CRE,1181521000155,BANCO COOPERATIVO SICREDI S.A.,CSC de arranjo de pagamento banco emissor confirmado,0.160532529430677,1359429.94,1373963.5468123849,1374775.51,2025-05-06,2025-06-02,AA,0,1359429.94,Visa,1,208,8630592,18,1,0.0
0013995e-bd37-4b66-a983-cbd579f38bb6,16223.480000000001,15244.43,9,pi,2025-05-30,60356171000180,CLOUDWALK PI FUNDO DE INVESTIMENTO EM DIREITOS CRE,60701190000104,ITAU UNIBANCO S.A.,CSC de arranjo de pagamento banco emissor confirmado,0.162793565890359,15244.43,15326.7675109116,16223.48,2025-05-19,2025-10-13,AA,0,15244.43,Mastercard,1,208,8630592,104,95,0.0
001488db-42f5-479b-8ed3-fffd3754c05c,564.52,544.0799999999999,2,pi,2025-05-30,60356171000180,CLOUDWALK PI FUNDO DE INVESTIMENTO EM DIREITOS CRE,2038232000164,BANCO COOPERATIVO SICOOB S.A.,CSC de arranjo de pagamento banco emissor confirmado,0.161715038184863,544.08,549.9367390008,564.52,2025-05-06,2025-08-01,AA,0,544.08,Visa,1,208,8630592,62,44,0.0
0016ccc9-9fb6-4b82-8df9-fefc063c6693,1021.03,913.1299999999999,4,pi,2025-05-30,60356171000180,CLOUDWALK PI FUNDO DE INVESTIMENTO EM DIREITOS CRE,7512441000111,HS FINANCEIRA S/A - CREDITO FINANCIAMENTO E INVES,CSC de arranjo de pagamento banco emissor confirmado,0.162428443017893,913.13,916.4081652019,1021.03,2025-05-22,2026-02-13,AA,0,913.13,Visa,1,208,8630592,186,181,0.0
0018fac9-8072-45ec-b4a7-b679e387c514,231.27,204.79000000000002,3,pi,2025-05-30,60356171000180,CLOUDWALK PI FUNDO DE INVESTIMENTO EM DIREITOS CRE,43180355000112,PEFISA SA CREDITO FINANCIAMENTO E INVESTIMENTO,CSC de arranjo de pagamento banco emissor confirmado,0.161160548338974,204.8,207.6120991808,231.27,2025-04-28,2026-02-18,AA,0,204.8,Mastercard,1,208,8630592,205,182,0.0
0019ee9f-3860-473b-9581-edcf19edab56,261.84,239.66,1,pi,2025-05-30,60356171000180,CLOUDWALK PI FUNDO DE INVESTIMENTO EM DIREITOS CRE,4184779000101,BANCO BRADESCARD S.A.,CSC de arranjo de pagamento banco emissor confirmado,0.162659746216218,239.66,241.9642911354,261.84,2025-05-08,2025-12-04,AA,0,239.66,Visa,1,208,8630592,148,132,0.0
001a288b-78c5-4c28-9b73-e913c9ec5434,1020.54,996.49,5,pi,2025-05-30,60356171000180,CLOUDWALK PI FUNDO DE INVESTIMENTO EM DIREITOS CRE,27351731000138,REALIZE CREDITO FINANCIAMENTO E INVESTIMENTO S.A.,CSC de arranjo de pagamento banco emissor confirmado,0.16218991732712,996.48,1003.637823725,1020.54,2025-05-14,2025-07-10,AA,0,996.48,Visa,1,208,8630592,40,28,0.0
001a98a4-394a-4c40-8f88-2a8e0bc8676c,3099.88,2946.49,2,pi,2025-05-30,60356171000180,CLOUDWALK PI FUNDO DE INVESTIMENTO EM DIREITOS CRE,90400888000142,BANCO SANTANDER (BRASIL) S.A.,CSC de arranjo de pagamento banco emissor confirmado,0.162363201991316,2946.49,2974.7718322389,3099.88,2025-05-08,2025-09-05,AA,0,2946.49,Visa,1,208,8630592,85,69,0.0
001f34a7-6e66-4f26-8740-100fd1f508d0,2706.62,2545.9900000000002,12,pi,2025-05-30,60356171000180,CLOUDWALK PI FUNDO DE INVESTIMENTO EM DIREITOS CRE,9464032000112,MIDWAY S.A.- CREDITO FINANCIAMENTO E INVESTIMENTO,CSC de arranjo de pagamento banco emissor confirmado,0.161457950691887,2546.0,2581.0193331768,2706.62,2025-04-28,2025-09-22,AA,0,2546.0,Visa,1,208,8630592,103,80,0.0
0023049d-3cf2-4b35-ba31-7eac58a15b8a,77356.81000000001,73609.65000000001,18,pi,2025-05-30,60356171000180,CLOUDWALK PI FUNDO DE INVESTIMENTO EM DIREITOS CRE,17192451000170,BANCO ITAUCARD S.A.,CSC de arranjo de pagamento banco emissor confirmado,0.162708407638631,73609.65,74007.033462473,77356.81,2025-05-19,2025-09-12,AA,0,73609.65,Mastercard,1,208,8630592,83,74,0.0
00244b1b-fffc-44e2-8455-9be62f7b7e74,13.78,13.46,1,pi,2025-05-30,60356171000180,CLOUDWALK PI FUNDO DE INVESTIMENTO EM DIREITOS CRE,4814563000174,BANCO AFINZ S.A. BANCO MULTIPLO,CSC de arranjo de pagamento banco emissor confirmado,0.163950623627374,13.46,13.5494964545,13.78,2025-05-15,2025-07-10,AA,0,13.46,Visa,1,208,8630592,39,28,0.0
00245bbb-af72-4938-96c8-13d7015ff0c8,210.75,202.77999999999997,2,pi,2025-05-30,60356171000180,CLOUDWALK PI FUNDO DE INVESTIMENTO EM DIREITOS CRE,18236120000158,NU PAGAMENTOS S.A. - INSTITUICAO DE PAGAMENTO,CSC de arranjo de pagamento banco emissor confirmado,0.161205936108087,202.78,205.8090785196,210.75,2025-04-24,2025-07-28,AA,0,202.78,Mastercard,1,208,8630592,65,40,0.0
0025afff-71d6-4113-a5bf-bb7fea2a6a35,1676.08,1598.3200000000002,3,pi,2025-05-30,60356171000180,CLOUDWALK PI FUNDO DE INVESTIMENTO EM DIREITOS CRE,16581207000137,DM INSTITUICAO DE PAGAMENTO S.A.,CSC de arranjo de pagamento banco emissor confirmado,0.161415670259894,1598.32,1622.224381781,1676.08,2025-04-24,2025-08-18,AA,0,1598.32,Mastercard,1,208,8630592,79,55,0.0
0029ff54-56ac-4753-a0be-be74b4bb18bc,3142.96,2915.2999999999997,4,pi,2025-05-30,60356171000180,CLOUDWALK PI FUNDO DE INVESTIMENTO EM DIREITOS CRE,92702067000196,BANCO DO ESTADO DO RIO GRANDE DO SUL SA,CSC de arranjo de pagamento banco emissor confirmado,0.162281171467838,2915.3,2945.0262291437,3142.96,2025-05-07,2025-10-31,AA,0,2915.3,Visa,1,208,8630592,125,109,0.0
002a7f00-1f3e-45d2-a1a0-d5e1386f6d13,2955.81,2616.41,5,pi,2025-05-30,60356171000180,CLOUDWALK PI FUNDO DE INVESTIMENTO EM DIREITOS CRE,60889128000180,BANCO SOFISA S.A.,CSC de arranjo de pagamento banco emissor confirmado,0.161756788421016,2616.41,2649.3056677478,2955.81,2025-04-30,2026-02-20,AA,0,2616.41,Mastercard,1,208,8630592,205,184,0.0
002d17c2-03f4-4c66-a9ea-d83b1d316140,1815.94,1774.73,3,pi,2025-05-30,60356171000180,CLOUDWALK PI FUNDO DE INVESTIMENTO EM DIREITOS CRE,34786340000101,STONE CARTOES INSTITUICAO DE PAGAMENTO S.A.,CSC de arranjo de pagamento banco emissor confirmado,0.15993114407095,1774.72,1803.1559719347,1815.94,2025-04-22,2025-06-17,AA,0,1774.72,Visa,1,208,8630592,39,12,0.0
002d5ba9-33e6-408e-a571-fd11c5f8a06d,176356.05,170246.43000000002,27,pi,2025-05-30,60356171000180,CLOUDWALK PI FUNDO DE INVESTIMENTO EM DIREITOS CRE,4670195000138,CRED - SYSTEM ADMINISTRADORA DE CARTOES DE CREDITO,CSC de arranjo de pagamento banco emissor confirmado,0.162523631064779,170246.44,171164.5479374587,176356.05,2025-05-19,2025-08-11,AA,0,170246.44,Mastercard,1,208,8630592,59,50,0.0
002d9a06-fcdf-4f61-bda0-6c47dd58b24a,2611.41,2455.0,2,pi,2025-05-30,60356171000180,CLOUDWALK PI FUNDO DE INVESTIMENTO EM DIREITOS CRE,59588111000103,BANCO VOTORANTIM S.A.,CSC de arranjo de pagamento banco emissor confirmado,0.163125533308839,2455.0,2474.2124912034,2611.41,2025-05-13,2025-10-06,AA,0,2455.0,Mastercard,1,208,8630592,102,90,0.0
002fc9dc-af5a-4682-bc9d-770d25451f43,17728.53,16909.190000000002,2,pi,2025-05-30,60356171000180,CLOUDWALK PI FUNDO DE INVESTIMENTO EM DIREITOS CRE,8357240000150,BANCO CSF S/A,CSC de arranjo de pagamento banco emissor confirmado,0.162924851792761,16909.19,17041.367293765,17728.53,2025-05-13,2025-09-02,AA,0,16909.19,Mastercard,1,208,8630592,79,66,0.0
002ffd9e-f810-47aa-a30e-3012471c11c8,37428.56,34767.020000000004,19,pi,2025-05-30,60356171000180,CLOUDWALK PI FUNDO DE INVESTIMENTO EM DIREITOS CRE,1181521000155,BANCO COOPERATIVO SICREDI S.A.,CSC de arranjo de pagamento banco emissor confirmado,0.161728678928174,34767.02,35225.0170503392,37428.56,2025-04-29,2025-10-22,AA,0,34767.02,Visa,1,208,8630592,124,102,0.0
003051a8-9881-48f7-a84c-42f3d0809798,133.4,129.37,1,pi,2025-05-30,60356171000180,CLOUDWALK PI FUNDO DE INVESTIMENTO EM DIREITOS CRE,23862762000100,WILL FINANCEIRA S.A. CREDITO FINANCIAMENTO E INVE,CSC de arranjo de pagamento banco emissor confirmado,0.160276991026639,129.37,131.1372621799,133.4,2025-04-28,2025-07-11,AA,0,129.37,Mastercard,1,208,8630592,52,29,0.0
0033ac61-c003-4917-9bd9-2c6b50c6c63a,152.21,147.91,1,pi,2025-05-30,60356171000180,CLOUDWALK PI FUNDO DE INVESTIMENTO EM DIREITOS CRE,23862762000100,WILL FINANCEIRA S.A. CREDITO FINANCIAMENTO E INVE,CSC de arranjo de pagamento banco emissor confirmado,0.162357324626963,147.91,148.9734753161,152.21,2025-05-14,2025-07-22,AA,0,147.91,Mastercard,1,208,8630592,48,36,0.0
00340337-f1c3-4518-bf98-47dae87da7cb,1177.22,1120.81,3,pi,2025-05-30,60356171000180,CLOUDWALK PI FUNDO DE INVESTIMENTO EM DIREITOS CRE,34786340000101,STONE CARTOES INSTITUICAO DE PAGAMENTO S.A.,CSC de arranjo de pagamento banco emissor confirmado,0.162886466561168,1120.81,1128.8931081821,1177.22,2025-05-14,2025-09-08,AA,0,1120.81,Visa,1,208,8630592,82,70,0.0
0035009b-7bbe-45ae-aea5-9fb760ae940c,866.21,824.3900000000001,2,pi,2025-05-30,60356171000180,CLOUDWALK PI FUNDO DE INVESTIMENTO EM DIREITOS CRE,7512441000111,HS FINANCEIRA S/A - CREDITO FINANCIAMENTO E INVES,CSC de arranjo de pagamento banco emissor confirmado,0.162112569373018,824.39,833.2844944885,866.21,2025-05-06,2025-09-01,AA,0,824.39,Visa,1,208,8630592,83,65,0.0
00359512-020e-45d2-8d04-c0da765ecdc4,46.24,45.11,1,pi,2025-05-30,60356171000180,CLOUDWALK PI FUNDO DE INVESTIMENTO EM DIREITOS CRE,360305000104,CAIXA ECONOMICA FEDERAL,CSC de arranjo de pagamento banco emissor confirmado,0.160032054194641,45.11,45.6715053398,46.24,2025-04-30,2025-07-01,AA,0,45.11,Elo,1,208,8630592,42,21,0.0
00376454-18bb-4555-8204-a6ea9ecab7ff,1224.25,1196.1100000000001,2,pi,2025-05-30,60356171000180,CLOUDWALK PI FUNDO DE INVESTIMENTO EM DIREITOS CRE,4862600000110,PORTOSEG S/A - CREDITO FINANCIAMENTO E INVESTIMEN,CSC de arranjo de pagamento banco emissor confirmado,0.162130826504042,1196.11,1204.6988707808,1224.25,2025-05-14,2025-07-09,AA,0,1196.11,Visa,1,208,8630592,39,27,0.0
00376b12-3371-4477-8466-d4c5ea08e6f9,149.83,147.56,1,pi,2025-05-30,60356171000180,CLOUDWALK PI FUNDO DE INVESTIMENTO EM DIREITOS CRE,2206577000180,LUIZACRED S.A. SOCIEDADE DE CREDITO FINANCIAMENTO,CSC de arranjo de pagamento banco emissor confirmado,0.159474732172504,147.56,149.4785096233,149.83,2025-04-29,2025-06-05,AA,0,147.56,Mastercard,1,208,8630592,26,4,0.0
003a9da6-ed65-4f3d-b963-ad09a1ee7488,16.61,16.42,1,pi,2025-05-30,60356171000180,CLOUDWALK PI FUNDO DE INVESTIMENTO EM DIREITOS CRE,90400888000142,BANCO SANTANDER (BRASIL) S.A.,CSC de arranjo de pagamento banco emissor confirmado,0.164847571935969,16.42,16.5397455553,16.61,2025-05-14,2025-06-10,AA,0,16.42,Visa,1,208,8630592,19,7,0.0
0042209e-abdc-4fef-8874-2b8b9bd05ebe,179702.91999999998,171365.55000000002,24,pi,2025-05-30,60356171000180,CLOUDWALK PI FUNDO DE INVESTIMENTO EM DIREITOS CRE,6881898000130,FINANCEIRA ITAU CBD S.A. - CREDITO FINANCIAMENTO,CSC de arranjo de pagamento banco emissor confirmado,0.161420765859923,171365.55,173928.5589907018,179702.92,2025-04-24,2025-08-18,AA,0,171365.55,Mastercard,1,208,8630592,80,55,0.0
004237ae-5eaa-4354-9b28-6ff1555f02b1,72.28,66.28,1,pi,2025-05-30,60356171000180,CLOUDWALK PI FUNDO DE INVESTIMENTO EM DIREITOS CRE,17351180000159,BANCO TRIANGULO S/A,CSC de arranjo de pagamento banco emissor confirmado,0.162540667031658,66.28,66.996869568,72.28,2025-05-06,2025-11-27,AA,0,66.28,Mastercard,1,208,8630592,145,127,0.0
004785cf-a5bb-4b3b-bd77-47001b75c06d,1079.6599999999999,1054.19,5,pi,2025-05-30,60356171000180,CLOUDWALK PI FUNDO DE INVESTIMENTO EM DIREITOS CRE,4814563000174,BANCO AFINZ S.A. BANCO MULTIPLO,CSC de arranjo de pagamento banco emissor confirmado,0.162371911029484,1054.18,1060.4930636228,1079.66,2025-05-16,2025-07-14,AA,0,1054.18,Visa,1,208,8630592,40,30,0.0
004d8fb8-bac6-4b1c-957b-b5ed875c2cb1,40.01,35.41,1,pi,2025-05-30,60356171000180,CLOUDWALK PI FUNDO DE INVESTIMENTO EM DIREITOS CRE,10664513000150,BANCO AGIBANK S.A,CSC de arranjo de pagamento banco emissor confirmado,0.161146705227257,35.41,35.4520133111,40.01,2025-05-28,2026-03-20,AA,0,35.41,Mastercard,1,208,8630592,205,204,0.0
004df953-37dd-4deb-a445-3b299b7d822f,20.73,19.22,2,pi,2025-05-30,60356171000180,CLOUDWALK PI FUNDO DE INVESTIMENTO EM DIREITOS CRE,28127603000178,BANESTES SA BANCO DO ESTADO DO ESPIRITO SANTO,CSC de arranjo de pagamento banco emissor confirmado,0.16330029311732,19.22,19.3589396555,20.73,2025-05-14,2025-11-07,AA,0,19.22,Visa,1,208,8630592,126,114,0.0
005010a1-3eda-4d59-9af3-f6515e728930,75.93,74.07,1,pi,2025-05-30,60356171000180,CLOUDWALK PI FUNDO DE INVESTIMENTO EM DIREITOS CRE,191,BANCO DO BRASIL SA,CSC de arranjo de pagamento banco emissor confirmado,0.160449728771188,74.07,74.9942337783,75.93,2025-04-30,2025-07-01,AA,0,74.07,Visa,1,208,8630592,42,21,0.0
0051bf9d-0db4-4489-849c-e9de08806a0d,1054.6,1026.13,1,pi,2025-05-30,60356171000180,CLOUDWALK PI FUNDO DE INVESTIMENTO EM DIREITOS CRE,4862600000110,PORTOSEG S/A - CREDITO FINANCIAMENTO E INVESTIMEN,CSC de arranjo de pagamento banco emissor confirmado,0.161746101805976,1026.13,1035.94436119,1054.6,2025-05-08,2025-07-14,AA,0,1026.13,Mastercard,1,208,8630592,46,30,0.0
005274bb-55fa-4925-9d4e-771febf35014,9330.32,8358.41,9,pi,2025-05-30,60356171000180,CLOUDWALK PI FUNDO DE INVESTIMENTO EM DIREITOS CRE,17192451000170,BANCO ITAUCARD S.A.,CSC de arranjo de pagamento banco emissor confirmado,0.161647584514925,8358.41,8468.4663930172,9330.32,2025-04-29,2026-01-20,AA,0,8358.41,Mastercard,1,208,8630592,185,163,0.0
00545739-caa0-4d5e-bc26-bd1dbd69ea8d,139663.47,138092.04,12,pi,2025-05-30,60356171000180,CLOUDWALK PI FUNDO DE INVESTIMENTO EM DIREITOS CRE,208000100,BRB BANCO DE BRASILIA SA,CSC de arranjo de pagamento banco emissor confirmado,0.161923621672514,138092.04,138751.528145359,139663.47,2025-05-20,2025-06-16,AA,0,138092.04,Visa,1,208,8630592,18,11,0.0
0055233b-6684-4767-91a7-0bd46e24da63,2198.18,1918.8,4,pi,2025-05-30,60356171000180,CLOUDWALK PI FUNDO DE INVESTIMENTO EM DIREITOS CRE,191,BANCO DO BRASIL SA,CSC de arranjo de pagamento banco emissor confirmado,0.16211096631061,1918.8,1934.8824098377,2198.18,2025-05-12,2026-04-06,AA,0,1918.8,Mastercard,1,208,8630592,228,214,0.0
00556b09-a305-485f-89df-a62222ae919f,3378.8500000000004,3342.8100000000004,5,pi,2025-05-30,60356171000180,CLOUDWALK PI FUNDO DE INVESTIMENTO EM DIREITOS CRE,33479023000180,BANCO CITIBANK S A,CSC de arranjo de pagamento banco emissor confirmado,0.161986475969447,3342.81,3362.7844992624,3378.85,2025-05-16,2025-06-11,AA,0,3342.81,Mastercard,1,208,8630592,18,8,0.0
00585cc6-26a9-49dc-a662-14cfe1ee1682,340.34,305.09,1,pi,2025-05-30,60356171000180,CLOUDWALK PI FUNDO DE INVESTIMENTO EM DIREITOS CRE,27098060000145,BANCO DIGIO S.A.,CSC de arranjo de pagamento banco emissor confirmado,0.162489958255708,305.09,308.0205335393,340.34,2025-05-08,2026-01-26,AA,0,305.09,Visa,1,208,8630592,183,167,0.0
005d663f-d357-45e6-b827-57e71367f689,97.31,93.77,2,pi,2025-05-30,60356171000180,CLOUDWALK PI FUNDO DE INVESTIMENTO EM DIREITOS CRE,28127603000178,BANESTES SA BANCO DO ESTADO DO ESPIRITO SANTO,CSC de arranjo de pagamento banco emissor confirmado,0.162552354772795,93.77,93.9944497817,97.31,2025-05-26,2025-08-21,AA,0,93.77,Visa,1,208,8630592,62,58,0.0
006065b9-2282-4e58-a072-8694fae9717b,277.81,261.23,1,pi,2025-05-30,60356171000180,CLOUDWALK PI FUNDO DE INVESTIMENTO EM DIREITOS CRE,13140088000199,ACESSO SOLUCOES DE PAGAMENTO S.A.  INSTITUCAO DE P,CSC de arranjo de pagamento banco emissor confirmado,0.16247870620348,261.23,263.7390754414,277.81,2025-05-08,2025-10-01,AA,0,261.23,Mastercard,1,208,8630592,103,87,0.0
006097a8-45dd-4f89-90ea-5d96bb9064f8,137.71,120.43,2,pi,2025-05-30,60356171000180,CLOUDWALK PI FUNDO DE INVESTIMENTO EM DIREITOS CRE,4184779000101,BANCO BRADESCARD S.A.,CSC de arranjo de pagamento banco emissor confirmado,0.161261183788594,120.43,121.9398094834,137.71,2025-04-30,2026-03-23,AA,0,120.43,Mastercard,1,208,8630592,226,205,0.0
0060dc7d-97e5-40c2-bcb7-88fc96549ef1,2346.04,2209.83,1,pi,2025-05-30,60356171000180,CLOUDWALK PI FUNDO DE INVESTIMENTO EM DIREITOS CRE,60746948000112,BANCO BRADESCO S.A.,CSC de arranjo de pagamento banco emissor confirmado,0.162681867545537,2209.83,2215.1234109059,2346.04,2025-05-26,2025-10-14,AA,0,2209.83,Mastercard,1,208,8630592,100,96,0.0
00657d6b-86e1-4cfc-b9c1-5ad1f23bc435,2221.84,2036.63,3,pi,2025-05-30,60356171000180,CLOUDWALK PI FUNDO DE INVESTIMENTO EM DIREITOS CRE,191,BANCO DO BRASIL SA,CSC de arranjo de pagamento banco emissor confirmado,0.162103871173968,2036.63,2059.8300930601,2221.84,2025-05-05,2025-11-27,AA,0,2036.63,Mastercard,1,208,8630592,146,127,0.0
0065d769-5b8c-48ba-9945-77c47e5bf3d9,449.69,439.97,2,pi,2025-05-30,60356171000180,CLOUDWALK PI FUNDO DE INVESTIMENTO EM DIREITOS CRE,2038232000164,BANCO COOPERATIVO SICOOB S.A.,CSC de arranjo de pagamento banco emissor confirmado,0.160474821392134,439.97,445.4606789524,449.69,2025-04-30,2025-06-24,AA,0,439.97,Mastercard,1,208,8630592,37,16,0.0
0068a59d-779d-4d67-9461-6a44a58d6e44,674.8599999999999,626.77,5,pi,2025-05-30,60356171000180,CLOUDWALK PI FUNDO DE INVESTIMENTO EM DIREITOS CRE,11275560000175,RECARGAPAY INSTITUICAO DE PAGAMENTO LTDA,CSC de arranjo de pagamento banco emissor confirmado,0.162108382898599,626.77,633.9099813605,674.86,2025-05-05,2025-10-27,AA,0,626.77,Mastercard,1,208,8630592,124,105,0.0
00691f4f-7829-4f24-b1a4-d6489a963b5c,4728.33,4562.86,9,pi,2025-05-30,60356171000180,CLOUDWALK PI FUNDO DE INVESTIMENTO EM DIREITOS CRE,4184779000101,BANCO BRADESCARD S.A.,CSC de arranjo de pagamento banco emissor confirmado,0.161386221064341,4562.86,4614.6224897242,4728.33,2025-05-05,2025-07-29,AA,0,4562.86,Mastercard,1,208,8630592,60,41,0.0
006b3538-dacc-4566-8f1d-ceeb48e0225e,619.01,589.12,4,pi,2025-05-30,60356171000180,CLOUDWALK PI FUNDO DE INVESTIMENTO EM DIREITOS CRE,17184037000110,BANCO MERCANTIL DO BRASIL SA,CSC de arranjo de pagamento banco emissor confirmado,0.162140355803246,589.12,595.4771404168,619.01,2025-05-06,2025-09-01,AA,0,589.12,Visa,1,208,8630592,83,65,0.0
006d44ee-05ff-4115-81d6-ea091ebff985,154.82,138.69,1,pi,2025-05-30,60356171000180,CLOUDWALK PI FUNDO DE INVESTIMENTO EM DIREITOS CRE,8611734000208,CALCARD S.A. - INSTITUICAO DE PAGAMENTOS,CSC de arranjo de pagamento banco emissor confirmado,0.161680546164507,138.69,140.3494647109,154.82,2025-05-02,2026-01-22,AA,0,138.69,Visa,1,208,8630592,185,165,0.0
00703922-80a2-4ac8-8a23-7a23c44b6d8f,77.63,69.47,1,pi,2025-05-30,60356171000180,CLOUDWALK PI FUNDO DE INVESTIMENTO EM DIREITOS CRE,191,BANCO DO BRASIL SA,CSC de arranjo de pagamento banco emissor confirmado,0.162376898033737,69.47,69.8443241467,77.63,2025-05-19,2026-02-09,AA,0,69.47,Mastercard,1,208,8630592,186,177,0.0
0070bfee-980b-4cb7-ae0d-0842cd922b1c,1402.8600000000001,1225.25,6,pi,2025-05-30,60356171000180,CLOUDWALK PI FUNDO DE INVESTIMENTO EM DIREITOS CRE,2732968000138,FORTBRASIL ADMINISTRADORA DE CARTOES DE CREDITO S/,CSC de arranjo de pagamento banco emissor confirmado,0.162144989391147,1225.26,1235.5315183545,1402.86,2025-05-12,2026-04-02,AA,0,1225.26,Mastercard,1,208,8630592,227,213,0.0
0070df86-c992-418b-a1cf-12a5dbaee02c,77.48,69.22999999999999,2,pi,2025-05-30,60356171000180,CLOUDWALK PI FUNDO DE INVESTIMENTO EM DIREITOS CRE,61033106000186,BANCO CREFISA S.A.,CSC de arranjo de pagamento banco emissor confirmado,0.161966767316397,69.23,70.0180046418,77.48,2025-05-05,2026-01-29,AA,0,69.23,Elo,1,208,8630592,189,170,0.0
0074f201-8c91-4253-9eaf-ef9742a82dff,130.66000000000003,116.72,2,pi,2025-05-30,60356171000180,CLOUDWALK PI FUNDO DE INVESTIMENTO EM DIREITOS CRE,7314204000146,VOX INSTITUICAO DE PAGAMENTO S.A.,CSC de arranjo de pagamento banco emissor confirmado,0.162331033355384,116.72,117.348755233,130.66,2025-05-19,2026-02-12,AA,0,116.72,Elo,1,208,8630592,189,180,0.0
0075b45a-1143-4149-a10b-5a590162a836,92.8,81.13,1,pi,2025-05-30,60356171000180,CLOUDWALK PI FUNDO DE INVESTIMENTO EM DIREITOS CRE,4913711000108,BANCO DO ESTADO DO PARA S A,CSC de arranjo de pagamento banco emissor confirmado,0.160899245409748,81.13,82.1936262421,92.8,2025-04-29,2026-03-23,AA,0,81.13,Mastercard,1,208,8630592,227,205,0.0
0076ac36-a5cb-4741-b488-94ca45f4a4a2,1290.26,1196.71,5,pi,2025-05-30,60356171000180,CLOUDWALK PI FUNDO DE INVESTIMENTO EM DIREITOS CRE,5938780000309,COOPER CARD INSTITUICAO DE PAGAMENTO LTDA,CSC de arranjo de pagamento banco emissor confirmado,0.162475705435149,1196.7,1209.6384097185,1290.26,2025-05-06,2025-10-30,AA,0,1196.7,Visa,1,208,8630592,125,108,0.0
0077703e-b355-423c-ab6c-88c73f2dd66d,570.45,529.4,2,pi,2025-05-30,60356171000180,CLOUDWALK PI FUNDO DE INVESTIMENTO EM DIREITOS CRE,33923798000100,BANCO MASTER S/A,CSC de arranjo de pagamento banco emissor confirmado,0.162481990400474,529.4,535.1239420139,570.45,2025-05-06,2025-10-29,AA,0,529.4,Visa,1,208,8630592,125,107,0.0
0078b751-16fd-4f3b-b36e-8ab0954d3bac,361.84000000000003,345.08,2,pi,2025-05-30,60356171000180,CLOUDWALK PI FUNDO DE INVESTIMENTO EM DIREITOS CRE,27351731000138,REALIZE CREDITO FINANCIAMENTO E INVESTIMENTO S.A.,CSC de arranjo de pagamento banco emissor confirmado,0.161127400979385,345.08,349.8173658236,361.84,2025-04-28,2025-08-20,AA,0,345.08,Visa,1,208,8630592,80,57,0.0
00813821-f91b-41bb-8445-34b556adaa2c,505.98,500.28999999999996,2,pi,2025-05-30,60356171000180,CLOUDWALK PI FUNDO DE INVESTIMENTO EM DIREITOS CRE,31895683000116,BANCO INDUSTRIAL DO BRASIL S/A,CSC de arranjo de pagamento banco emissor confirmado,0.161829446008036,500.29,502.6779486857,505.98,2025-05-20,2025-06-16,AA,0,500.29,Visa,1,208,8630592,18,11,0.0
00854490-8297-44d0-b4e6-add85c61321c,962.36,893.1700000000001,6,pi,2025-05-30,60356171000180,CLOUDWALK PI FUNDO DE INVESTIMENTO EM DIREITOS CRE,2398976002648,UNIPRIME NORTE DO PARANA - COOPERATIVA DE CREDITO,CSC de arranjo de pagamento banco emissor confirmado,0.162318972967488,893.17,894.2368911602,962.36,2025-05-28,2025-11-21,AA,0,893.17,Mastercard,1,208,8630592,125,123,0.0
008706de-aa13-4b29-a179-ad68e0c801d4,14276.289999999999,13576.929999999998,20,pi,2025-05-30,60356171000180,CLOUDWALK PI FUNDO DE INVESTIMENTO EM DIREITOS CRE,1722480000167,QUERO-QUERO VERDECARD INSTITUICAO DE PAGAMENTO S.A,CSC de arranjo de pagamento banco emissor confirmado,0.16263209351739,13576.92,13609.4328085635,14276.29,2025-05-26,2025-09-22,AA,0,13576.92,Elo,1,208,8630592,84,80,0.0
00876ff8-1746-4b8b-b353-4ceddebcc23c,157.88,148.66,1,pi,2025-05-30,60356171000180,CLOUDWALK PI FUNDO DE INVESTIMENTO EM DIREITOS CRE,10664513000150,BANCO AGIBANK S.A,CSC de arranjo de pagamento banco emissor confirmado,0.161991903257861,148.66,151.0706768824,157.88,2025-04-22,2025-09-12,AA,0,148.66,Mastercard,1,208,8630592,101,74,0.0
008a5b83-c6e7-47b6-b3b8-2ca27303864a,30.17,27.21,1,pi,2025-05-30,60356171000180,CLOUDWALK PI FUNDO DE INVESTIMENTO EM DIREITOS CRE,34786340000101,STONE CARTOES INSTITUICAO DE PAGAMENTO S.A.,CSC de arranjo de pagamento banco emissor confirmado,0.162320582830404,27.21,27.4711107506,30.17,2025-05-08,2026-01-12,AA,0,27.21,Visa,1,208,8630592,173,157,0.0
008cad96-bc85-4947-b7df-316f2c1b0e33,33800.810000000005,30296.62,14,pi,2025-05-30,60356171000180,CLOUDWALK PI FUNDO DE INVESTIMENTO EM DIREITOS CRE,20855875000182,NEON PAGAMENTOS SA INSTITUICAO DE PAGAMENTO,CSC de arranjo de pagamento banco emissor confirmado,0.161715118462858,30296.61,30332.6741858877,33800.81,2025-05-28,2026-02-18,AA,0,30296.61,Visa,1,208,8630592,184,182,0.0
0091cc3b-d633-46f7-b421-6f7c43a48f66,37667.32,32932.62,12,pi,2025-05-30,60356171000180,CLOUDWALK PI FUNDO DE INVESTIMENTO EM DIREITOS CRE,1181521000155,BANCO COOPERATIVO SICREDI S.A.,CSC de arranjo de pagamento banco emissor confirmado,0.161582178837757,32932.62,33030.637548161,37667.32,2025-05-23,2026-04-15,AA,0,32932.62,Visa,1,208,8630592,225,221,0.0
00948f1b-5fb4-4983-97ae-4eab368f101d,178.58,155.97,2,pi,2025-05-30,60356171000180,CLOUDWALK PI FUNDO DE INVESTIMENTO EM DIREITOS CRE,5676026000178,CREDIARE S/A - CREDITO FINANCIAMENTO E INVESTIMEN,CSC de arranjo de pagamento banco emissor confirmado,0.162161832774658,155.97,157.2776439946,178.58,2025-05-12,2026-04-02,AA,0,155.97,Visa,1,208,8630592,227,213,0.0
0094c1ba-bb55-44d0-8eae-3eb80f674d46,20.9,18.94,1,pi,2025-05-30,60356171000180,CLOUDWALK PI FUNDO DE INVESTIMENTO EM DIREITOS CRE,17184037000110,BANCO MERCANTIL DO BRASIL SA,CSC de arranjo de pagamento banco emissor confirmado,0.162293532244618,18.94,19.1674248856,20.9,2025-05-02,2025-12-23,AA,0,18.94,Visa,1,208,8630592,165,145,0.0
009d50e8-330f-49f5-8282-4a72b77e9f42,3209.1,2940.8,4,pi,2025-05-30,60356171000180,CLOUDWALK PI FUNDO DE INVESTIMENTO EM DIREITOS CRE,4862600000110,PORTOSEG S/A - CREDITO FINANCIAMENTO E INVESTIMEN,CSC de arranjo de pagamento banco emissor confirmado,0.162644908352501,2940.8,2969.0728982466,3209.1,2025-05-08,2025-12-02,AA,0,2940.8,Visa,1,208,8630592,146,130,0.0
00a1250c-8cd0-4ad1-a1a8-7e9b93be9593,1780.1,1557.1799999999998,7,pi,2025-05-30,60356171000180,CLOUDWALK PI FUNDO DE INVESTIMENTO EM DIREITOS CRE,6881898000130,FINANCEIRA ITAU CBD S.A. - CREDITO FINANCIAMENTO,CSC de arranjo de pagamento banco emissor confirmado,0.160887931067648,1557.18,1577.5935166982,1780.1,2025-04-29,2026-03-20,AA,0,1557.18,Mastercard,1,208,8630592,226,204,0.0
00a19af2-2abe-4795-b7cb-494ff8121fa1,56.24,50.34,2,pi,2025-05-30,60356171000180,CLOUDWALK PI FUNDO DE INVESTIMENTO EM DIREITOS CRE,8357240000150,BANCO CSF S/A,CSC de arranjo de pagamento banco emissor confirmado,0.162013659805563,50.34,50.9738551685,56.24,2025-04-30,2026-01-22,AA,0,50.34,Visa,1,208,8630592,186,165,0.0
00a1bd1d-4984-41e6-a04e-2981e7db6663,68682.84999999999,66290.84000000001,21,pi,2025-05-30,60356171000180,CLOUDWALK PI FUNDO DE INVESTIMENTO EM DIREITOS CRE,17192451000170,BANCO ITAUCARD S.A.,CSC de arranjo de pagamento banco emissor confirmado,0.160534619272593,66290.84,67197.7693451733,68682.85,2025-04-28,2025-07-23,AA,0,66290.84,Mastercard,1,208,8630592,60,37,0.0
00a1f9d1-d7bf-4b88-9047-08d88332348f,9549.16,9090.579999999998,6,pi,2025-05-30,60356171000180,CLOUDWALK PI FUNDO DE INVESTIMENTO EM DIREITOS CRE,60872504000123,ITAU UNIBANCO HOLDING S.A.,CSC de arranjo de pagamento banco emissor confirmado,0.161163217692044,9090.58,9215.4042605548,9549.16,2025-04-28,2025-08-25,AA,0,9090.58,Visa,1,208,8630592,83,60,0.0
00a774c9-f3d6-4e27-bf83-0f27cad0985b,66226.49,62246.87,38,pi,2025-05-30,60356171000180,CLOUDWALK PI FUNDO DE INVESTIMENTO EM DIREITOS CRE,27351731000138,REALIZE CREDITO FINANCIAMENTO E INVESTIMENTO S.A.,CSC de arranjo de pagamento banco emissor confirmado,0.162023886637444,62246.88,62955.6331940793,66226.49,2025-05-05,2025-09-29,AA,0,62246.88,Visa,1,208,8630592,104,85,0.0
00a84f90-e2d6-4897-bd2d-ae6f6a8e186c,11133.07,10599.41,11,pi,2025-05-30,60356171000180,CLOUDWALK PI FUNDO DE INVESTIMENTO EM DIREITOS CRE,13140088000199,ACESSO SOLUCOES DE PAGAMENTO S.A.  INSTITUCAO DE P,CSC de arranjo de pagamento banco emissor confirmado,0.162949118380415,10599.41,10688.6770025745,11133.07,2025-05-12,2025-09-04,AA,0,10599.41,Mastercard,1,208,8630592,82,68,0.0
00aa553a-0916-4d44-a844-afc4659616bb,976.6,897.63,1,pi,2025-05-30,60356171000180,CLOUDWALK PI FUNDO DE INVESTIMENTO EM DIREITOS CRE,208000100,BRB BANCO DE BRASILIA SA,CSC de arranjo de pagamento banco emissor confirmado,0.16264564385588,897.63,906.2598655809,976.6,2025-05-08,2025-11-25,AA,0,897.63,Visa,1,208,8630592,141,125,0.0
00aeb3b5-79ae-48a6-bfa1-eaacb6cb1b79,124005.49,121154.63999999998,22,pi,2025-05-30,60356171000180,CLOUDWALK PI FUNDO DE INVESTIMENTO EM DIREITOS CRE,27351731000138,REALIZE CREDITO FINANCIAMENTO E INVESTIMENTO S.A.,CSC de arranjo de pagamento banco emissor confirmado,0.162163778208461,121154.63,122097.5589485197,124005.49,2025-05-13,2025-07-08,AA,0,121154.63,Mastercard,1,208,8630592,39,26,0.0
00b1d7b0-cdb5-44f1-8b91-ced4b24dcd06,564.85,555.21,1,pi,2025-05-30,60356171000180,CLOUDWALK PI FUNDO DE INVESTIMENTO EM DIREITOS CRE,60889128000180,BANCO SOFISA S.A.,CSC de arranjo de pagamento banco emissor confirmado,0.161348566589748,555.21,560.5080940875,564.85,2025-05-08,2025-06-18,AA,0,555.21,Mastercard,1,208,8630592,29,13,0.0
00b35b1b-a97f-415a-881f-bae3c60c5b11,3474.8900000000003,3360.8900000000003,2,pi,2025-05-30,60356171000180,CLOUDWALK PI FUNDO DE INVESTIMENTO EM DIREITOS CRE,1858774000110,BANCO BV S.A.,CSC de arranjo de pagamento banco emissor confirmado,0.161958005510229,3360.89,3393.07432997,3474.89,2025-05-08,2025-07-28,AA,0,3360.89,Visa,1,208,8630592,56,40,0.0
00bbb04a-d87c-4d52-89a6-70f596361e97,335.21000000000004,315.58,2,pi,2025-05-30,60356171000180,CLOUDWALK PI FUNDO DE INVESTIMENTO EM DIREITOS CRE,2732968000138,FORTBRASIL ADMINISTRADORA DE CARTOES DE CREDITO S/,CSC de arranjo de pagamento banco emissor confirmado,0.162489383745217,315.58,318.6112849461,335.21,2025-05-08,2025-09-29,AA,0,315.58,Mastercard,1,208,8630592,101,85,0.0
00bbf051-d2fb-4131-8061-7fbfa8d7d76e,9616.02,9160.590000000002,10,pi,2025-05-30,60356171000180,CLOUDWALK PI FUNDO DE INVESTIMENTO EM DIREITOS CRE,2398976002648,UNIPRIME NORTE DO PARANA - COOPERATIVA DE CREDITO,CSC de arranjo de pagamento banco emissor confirmado,0.162939333558644,9160.59,9237.7351092455,9616.02,2025-05-12,2025-09-03,AA,0,9160.59,Mastercard,1,208,8630592,81,67,0.0
00be7e53-5992-4f44-b247-f7ba707150ff,36372.3,34230.3,15,pi,2025-05-30,60356171000180,CLOUDWALK PI FUNDO DE INVESTIMENTO EM DIREITOS CRE,360305000104,CAIXA ECONOMICA FEDERAL,CSC de arranjo de pagamento banco emissor confirmado,0.16178171916806,34230.31,34640.1246737814,36372.3,2025-05-02,2025-09-24,AA,0,34230.31,Mastercard,1,208,8630592,102,82,0.0
00bea432-e1db-4963-86a6-79f5c5dda6fb,23133.08,20963.43,10,pi,2025-05-30,60356171000180,CLOUDWALK PI FUNDO DE INVESTIMENTO EM DIREITOS CRE,92702067000196,BANCO DO ESTADO DO RIO GRANDE DO SUL SA,CSC de arranjo de pagamento banco emissor confirmado,0.163379676378293,20963.43,21089.6968734341,23133.08,2025-05-16,2026-01-07,AA,0,20963.43,Mastercard,1,208,8630592,164,154,0.0
00bef798-c125-4b5f-85fd-c2d07102e708,46588.82,43236.64,13,pi,2025-05-30,60356171000180,CLOUDWALK PI FUNDO DE INVESTIMENTO EM DIREITOS CRE,4862600000110,PORTOSEG S/A - CREDITO FINANCIAMENTO E INVESTIMEN,CSC de arranjo de pagamento banco emissor confirmado,0.162461088370321,43236.64,43704.0640737794,46588.82,2025-05-06,2025-10-29,AA,0,43236.64,Visa,1,208,8630592,125,107,0.0
00bf00a1-1560-447e-b639-7f523c53b40c,121.61,112.72,1,pi,2025-05-30,60356171000180,CLOUDWALK PI FUNDO DE INVESTIMENTO EM DIREITOS CRE,3130170000189,BRASIL CARD INSTITUICAO DE PAGAMENTOS LTDA,CSC de arranjo de pagamento banco emissor confirmado,0.162565499974402,112.72,113.8031983586,121.61,2025-05-08,2025-11-04,AA,0,112.72,Visa,1,208,8630592,127,111,0.0
00c0081f-ff51-4fac-944a-af93524312b4,456.63,408.61,6,pi,2025-05-30,60356171000180,CLOUDWALK PI FUNDO DE INVESTIMENTO EM DIREITOS CRE,17184037000110,BANCO MERCANTIL DO BRASIL SA,CSC de arranjo de pagamento banco emissor confirmado,0.162422349294364,408.62,410.8223346462,456.63,2025-05-19,2026-02-09,AA,0,408.62,Visa,1,208,8630592,186,177,0.0
00c1b9a8-ea33-4d17-904f-a4f5c59d0ffb,612.07,561.57,1,pi,2025-05-30,60356171000180,CLOUDWALK PI FUNDO DE INVESTIMENTO EM DIREITOS CRE,360305000104,CAIXA ECONOMICA FEDERAL,CSC de arranjo de pagamento banco emissor confirmado,0.162639544443727,561.57,566.9687768852,612.07,2025-05-08,2025-11-28,AA,0,561.57,Mastercard,1,208,8630592,144,128,0.0
00c1c85a-056d-4780-8792-ce6345f68c05,2041.4099999999999,1919.3700000000001,5,pi,2025-05-30,60356171000180,CLOUDWALK PI FUNDO DE INVESTIMENTO EM DIREITOS CRE,4184779000101,BANCO BRADESCARD S.A.,CSC de arranjo de pagamento banco emissor confirmado,0.162784651505182,1919.37,1929.7362841944,2041.41,2025-05-19,2025-10-10,AA,0,1919.37,Mastercard,1,208,8630592,103,94,0.0
00c379a2-e91d-4b12-9d69-cd59c3bf236f,236.94,220.93,1,pi,2025-05-30,60356171000180,CLOUDWALK PI FUNDO DE INVESTIMENTO EM DIREITOS CRE,6881898000130,FINANCEIRA ITAU CBD S.A. - CREDITO FINANCIAMENTO,CSC de arranjo de pagamento banco emissor confirmado,0.162630728431732,220.93,223.053851828,236.94,2025-05-08,2025-10-21,AA,0,220.93,Mastercard,1,208,8630592,117,101,0.0
00c5feed-6621-4ded-a736-4ad2d93b2a7a,794.37,765.9599999999999,3,pi,2025-05-30,60356171000180,CLOUDWALK PI FUNDO DE INVESTIMENTO EM DIREITOS CRE,14550922000268,ORBITALL SERVICOS E PROCESSAMENTO DE MEIOS DE PAGA,CSC de arranjo de pagamento banco emissor confirmado,0.162361729474689,765.96,766.8751627568,794.37,2025-05-28,2025-08-22,AA,0,765.96,Mastercard,1,208,8630592,61,59,0.0
00c6cbf5-777a-48b7-a3e9-8609ebc2503e,1056337.4600000002,1032244.0000000003,95,pi,2025-05-30,60356171000180,CLOUDWALK PI FUNDO DE INVESTIMENTO EM DIREITOS CRE,31872495000172,BANCO C6 S.A.,CSC de arranjo de pagamento banco emissor confirmado,0.160771179188247,1032244.01,1043912.4105530868,1056337.46,2025-05-05,2025-06-30,AA,0,1032244.01,Mastercard,1,208,8630592,39,20,0.0
00c83851-5cf9-4b1b-bb52-c5c0f3e87d74,1077.99,1026.3899999999999,3,pi,2025-05-30,60356171000180,CLOUDWALK PI FUNDO DE INVESTIMENTO EM DIREITOS CRE,61182408000116,BANCO INVESTCRED UNIBANCO S A,CSC de arranjo de pagamento banco emissor confirmado,0.162694629350512,1026.39,1031.9305543162,1077.99,2025-05-19,2025-09-11,AA,0,1026.39,Visa,1,208,8630592,82,73,0.0
00c8683e-b9eb-453c-989b-4cabc821b98b,260.59999999999997,251.13,3,pi,2025-05-30,60356171000180,CLOUDWALK PI FUNDO DE INVESTIMENTO EM DIREITOS CRE,5676026000178,CREDIARE S/A - CREDITO FINANCIAMENTO E INVESTIMEN,CSC de arranjo de pagamento banco emissor confirmado,0.162359336160573,251.13,251.4300439658,260.6,2025-05-28,2025-08-25,AA,0,251.13,Visa,1,208,8630592,61,60,0.0
